Job Title,Company,Location,Salary Min,Salary Max,URL
Registered Dental Hygienist,Dentistry of Colorado - Belmar,"Lakewood, Denver",124800.0,N/A,https://www.adzuna.com/details/4914164081?utm_medium=api&utm_source=193c05ba
General Dentist,ABQ Dentists,"Albuquerque, Bernalillo County",177437.0,370785,https://www.adzuna.com/details/4877494857?utm_medium=api&utm_source=193c05ba
Physician - Director of Operations Needed in CA,AnyPlace MD,"Fresno, Fresno County",280000.0,300000,https://www.adzuna.com/details/4936688323?utm_medium=api&utm_source=193c05ba
Early Childhood Teacher (Preschool),The Staff Pad,"Helena, Lewis and Clark County",42559.89,42559.89,https://www.adzuna.com/details/4927906047?utm_medium=api&utm_source=193c05ba
Dental Operations Manager,Signature Smiles,"Las Vegas, Clark County",49920.0,53760,https://www.adzuna.com/details/4927805567?utm_medium=api&utm_source=193c05ba
Fundraising Team,Ada Business Solutions,"Miami, Miami-Dade County",24000.0,38400,https://www.adzuna.com/details/4849467946?utm_medium=api&utm_source=193c05ba
Temporary Teacher,Swing Education,"Bloomingdale, DuPage County",38878.89,38878.89,https://www.adzuna.com/details/4922651968?utm_medium=api&utm_source=193c05ba
Relief Teacher,Swing Education,"Township of Washington, Bergen County",38204.58,38204.58,https://www.adzuna.com/details/4855074225?utm_medium=api&utm_source=193c05ba
Private School Substitute Teacher,Swing Education,"Cresskill, Bergen County",43737.15,43737.15,https://www.adzuna.com/details/4855073788?utm_medium=api&utm_source=193c05ba
"Substitute Teacher, all grades",Swing Education,"Fox Valley Facility, DuPage County",48172.66,48172.66,https://www.adzuna.com/details/4922652399?utm_medium=api&utm_source=193c05ba
Middle School Substitute Teacher,Swing Education,"Posen, Cook County",40685.44,40685.44,https://www.adzuna.com/details/4922650813?utm_medium=api&utm_source=193c05ba
Fundraising Team,Ada Business Solutions,"Collingswood, Camden County",24000.0,38400,https://www.adzuna.com/details/4849468021?utm_medium=api&utm_source=193c05ba
Guest teacher,Swing Education,"Summit Avenue, Hudson County",39368.86,39368.86,https://www.adzuna.com/details/4855074955?utm_medium=api&utm_source=193c05ba
Registered Mental Health Intern,Thriveworks,"Gainesville, Alachua County",23268.58,23268.58,https://www.adzuna.com/details/4929087712?utm_medium=api&utm_source=193c05ba
"Substitute Teacher, create your own scedule",Swing Education,"Bloomingdale, DuPage County",40998.09,40998.09,https://www.adzuna.com/details/4922651880?utm_medium=api&utm_source=193c05ba
"Substitute Teacher, sun when you want",Swing Education,"Stewartsville, Warren County",35319.21,35319.21,https://www.adzuna.com/details/4855074824?utm_medium=api&utm_source=193c05ba
"Substitute Teacher K-12, The Best Place to Sub",Swing Education,"Bellwood, Cook County",42079.34,42079.34,https://www.adzuna.com/details/4922650995?utm_medium=api&utm_source=193c05ba
Customer Service Representative,Ada Business Solutions,"Denver, Colorado",26400.0,45600,https://www.adzuna.com/details/4736389715?utm_medium=api&utm_source=193c05ba
"Substitute Teacher, get paid weekly",Swing Education,"Winfield, DuPage County",46050.31,46050.31,https://www.adzuna.com/details/4922652160?utm_medium=api&utm_source=193c05ba
High School Substitute Teacher,Swing Education,"Countryside, Cook County",41680.07,41680.07,https://www.adzuna.com/details/4922650591?utm_medium=api&utm_source=193c05ba
Substitute Teacher K-12,Swing Education,"Metuchen, Middlesex County",32967.02,32967.02,https://www.adzuna.com/details/4855073675?utm_medium=api&utm_source=193c05ba
Private School Substitute Teacher K-12,Swing Education,"Belleville, Essex County",38849.06,38849.06,https://www.adzuna.com/details/4855077063?utm_medium=api&utm_source=193c05ba
"Substitute Teacher K-12, get paid weekly",Swing Education,"Cliffside Park, Bergen County",37706.44,37706.44,https://www.adzuna.com/details/4855076861?utm_medium=api&utm_source=193c05ba
Charter School Substitute Teacher K-12,Swing Education,"Alsip, Cook County",39056.45,39056.45,https://www.adzuna.com/details/4922652140?utm_medium=api&utm_source=193c05ba
"Substitute Teacher, all grades",Swing Education,"Fanwood, Union County",44455.37,44455.37,https://www.adzuna.com/details/4855072462?utm_medium=api&utm_source=193c05ba
Licensed Talk Therapist,Thriveworks,"Shrewsbury, York County",31034.82,31034.82,https://www.adzuna.com/details/4931494751?utm_medium=api&utm_source=193c05ba
"Substitute Teacher, all subjects",Swing Education,"Elmwood Park, Bergen County",44093.72,44093.72,https://www.adzuna.com/details/4855074358?utm_medium=api&utm_source=193c05ba
Licensed Practical Nurse,Lifespace Communities,"Woodridge, DuPage County",68918.73,68918.73,https://www.adzuna.com/details/4918631175?utm_medium=api&utm_source=193c05ba
Substitute Educator,Swing Education,"Chicago Ridge, Cook County",42528.77,42528.77,https://www.adzuna.com/details/4922651171?utm_medium=api&utm_source=193c05ba
Elementary Substitute Teacher,Swing Education,"Elmhurst, DuPage County",43545.78,43545.78,https://www.adzuna.com/details/4922651040?utm_medium=api&utm_source=193c05ba
LPC Resident in Counseling - Full Time Hybrid,Thriveworks,"Calverton, Prince George's County",28390.53,28390.53,https://www.adzuna.com/details/4929088820?utm_medium=api&utm_source=193c05ba
Guest Educator K-12,Swing Education,"Glendale Heights, DuPage County",35296.88,35296.88,https://www.adzuna.com/details/4922652451?utm_medium=api&utm_source=193c05ba
"Substitut Teacher K-12, sub when you want",Swing Education,"New Milford, Bergen County",31749.52,31749.52,https://www.adzuna.com/details/4855075555?utm_medium=api&utm_source=193c05ba
"Substitute Teacher, create your own scedule",Swing Education,"Streamwood, Cook County",40439.68,40439.68,https://www.adzuna.com/details/4922653373?utm_medium=api&utm_source=193c05ba
"Substitute Teacher K-12, get paid weekly",Swing Education,"Woodbridge, Middlesex County",39757.9,39757.9,https://www.adzuna.com/details/4855075379?utm_medium=api&utm_source=193c05ba
Elementary Substitute Teacher,Swing Education,"Morris Plains, Morris County",44080.18,44080.18,https://www.adzuna.com/details/4855075527?utm_medium=api&utm_source=193c05ba
Substitute Teacher,Swing Education,"Mine Hill, Morris County",39420.56,39420.56,https://www.adzuna.com/details/4855075556?utm_medium=api&utm_source=193c05ba
Guest Educator,Swing Education,"Glenwood, Cook County",33583.02,33583.02,https://www.adzuna.com/details/4922652282?utm_medium=api&utm_source=193c05ba
"Substitute Teacher K-12, The Best Place to Sub",Swing Education,"Deerfield, Lake County",39736.56,39736.56,https://www.adzuna.com/details/4922653778?utm_medium=api&utm_source=193c05ba
"Substitute Teacher K-12, all subjects",Swing Education,"Harvey, Cook County",39101.51,39101.51,https://www.adzuna.com/details/4922652491?utm_medium=api&utm_source=193c05ba
Licensed Couples and Family Therapist,Thriveworks,"Squirrel Hill, Allegheny County",29499.36,29499.36,https://www.adzuna.com/details/4931494325?utm_medium=api&utm_source=193c05ba
Licensed Child and Adolescent Therapist,Thriveworks,"Sutton, Worcester County",40585.65,40585.65,https://www.adzuna.com/details/4830334964?utm_medium=api&utm_source=193c05ba
Private School Substitute Teacher,Swing Education,"Burr Ridge, DuPage County",44528.13,44528.13,https://www.adzuna.com/details/4922653334?utm_medium=api&utm_source=193c05ba
Charter School Substitute Teacher,Swing Education,"Niles, Cook County",46178.5,46178.5,https://www.adzuna.com/details/4922652569?utm_medium=api&utm_source=193c05ba
"Substitut Teacher K-12, sub when you want",Swing Education,"Lincolnshire Woods, Lake County",33996.32,33996.32,https://www.adzuna.com/details/4922652072?utm_medium=api&utm_source=193c05ba
Guest teacher,Swing Education,"Scotch Plains, Union County",36372.73,36372.73,https://www.adzuna.com/details/4855074693?utm_medium=api&utm_source=193c05ba
"Substitute Teacher K-12, get paid weekly",Swing Education,"Oak Forest, Cook County",34824.77,34824.77,https://www.adzuna.com/details/4922652850?utm_medium=api&utm_source=193c05ba
Licensed Psychologist,Thriveworks,"Millis, Norfolk County",36566.91,36566.91,https://www.adzuna.com/details/4863180057?utm_medium=api&utm_source=193c05ba
Licensed Psychologist,Thriveworks,"Fort Hunt, Fairfax County",36649.16,36649.16,https://www.adzuna.com/details/4840405647?utm_medium=api&utm_source=193c05ba
Public School Substitute Teacher K-12,Swing Education,"Englewood, Bergen County",36842.81,36842.81,https://www.adzuna.com/details/4855072512?utm_medium=api&utm_source=193c05ba
